x-axis,1,2
second,Volt,Volt
-1.08790000E+00,+9.99999E-03,+8.75001E-03
-1.08788000E+00,+3.74999E-03,+8.75001E-03
-1.08786000E+00,-2.50001E-03,+2.50001E-03
-1.08784000E+00,-2.50001E-03,+8.75001E-03
-1.08782000E+00,+3.74999E-03,-3.74999E-03
-1.08780000E+00,-8.75001E-03,-3.74999E-03
-1.08778000E+00,-8.75001E-03,+2.50001E-03
-1.08776000E+00,-8.75001E-03,+8.75001E-03
-1.08774000E+00,-2.50001E-03,+8.75001E-03
-1.08772000E+00,-2.50001E-03,+8.75001E-03
-1.08770000E+00,+3.74999E-03,+8.75001E-03
-1.08768000E+00,+3.74999E-03,+2.50001E-03
-1.08766000E+00,+3.74999E-03,+8.75001E-03
-1.08764000E+00,+3.74999E-03,-3.74999E-03
-1.08762000E+00,+9.99999E-03,+2.50001E-03
-1.08760000E+00,-2.50001E-03,+15.00001E-03
-1.08758000E+00,-2.50001E-03,+15.00001E-03
-1.08756000E+00,-2.50001E-03,+8.75001E-03
-1.08754000E+00,-8.75001E-03,+8.75001E-03
-1.08752000E+00,-15.00001E-03,+15.00001E-03
-1.08750000E+00,-8.75001E-03,+8.75001E-03
-1.08748000E+00,-2.50001E-03,+8.75001E-03
-1.08746000E+00,-2.50001E-03,+8.75001E-03
-1.08744000E+00,+3.74999E-03,+8.75001E-03
-1.08742000E+00,+9.99999E-03,+2.50001E-03
-1.08740000E+00,+3.74999E-03,+2.50001E-03
-1.08738000E+00,+9.99999E-03,+2.50001E-03
-1.08736000E+00,-2.50001E-03,+8.75001E-03
-1.08734000E+00,-2.50001E-03,+2.50001E-03
-1.08732000E+00,+3.74999E-03,-3.74999E-03
-1.08730000E+00,-8.75001E-03,+15.00001E-03
-1.08728000E+00,-2.50001E-03,+2.50001E-03
-1.08726000E+00,-8.75001E-03,+2.50001E-03
-1.08724000E+00,-2.50001E-03,-3.74999E-03
-1.08722000E+00,-2.50001E-03,+15.00001E-03
-1.08720000E+00,+3.74999E-03,+15.00001E-03
-1.08718000E+00,+9.99999E-03,+2.50001E-03
-1.08716000E+00,+3.74999E-03,+8.75001E-03
-1.08714000E+00,+3.74999E-03,+8.75001E-03
-1.08712000E+00,+3.74999E-03,+8.75001E-03
-1.08710000E+00,+3.74999E-03,+2.50001E-03
-1.08708000E+00,-2.50001E-03,+2.50001E-03
-1.08706000E+00,-8.75001E-03,+8.75001E-03
-1.08704000E+00,-2.50001E-03,+8.75001E-03
-1.08702000E+00,-8.75001E-03,-3.74999E-03
-1.08700000E+00,-2.50001E-03,-3.74999E-03
-1.08698000E+00,-15.00001E-03,+8.75001E-03
-1.08696000E+00,+3.74999E-03,+2.50001E-03
-1.08694000E+00,+9.99999E-03,+8.75001E-03
-1.08692000E+00,+9.99999E-03,+8.75001E-03
-1.08690000E+00,+3.74999E-03,+2.50001E-03
-1.08688000E+00,+9.99999E-03,+2.50001E-03
-1.08686000E+00,+3.74999E-03,+15.00001E-03
-1.08684000E+00,-2.50001E-03,+15.00001E-03
-1.08682000E+00,-2.50001E-03,+2.50001E-03
-1.08680000E+00,+3.74999E-03,-3.74999E-03
-1.08678000E+00,-2.50001E-03,+15.00001E-03
-1.08676000E+00,-8.75001E-03,+8.75001E-03
-1.08674000E+00,-2.50001E-03,+2.50001E-03
-1.08672000E+00,-2.50001E-03,+2.50001E-03
-1.08670000E+00,+3.74999E-03,+2.50001E-03
-1.08668000E+00,+9.99999E-03,+2.50001E-03
-1.08666000E+00,+3.74999E-03,-3.74999E-03
-1.08664000E+00,+3.74999E-03,+2.50001E-03
-1.08662000E+00,+3.74999E-03,+2.50001E-03
-1.08660000E+00,+3.74999E-03,+2.50001E-03
-1.08658000E+00,-2.50001E-03,+15.00001E-03
-1.08656000E+00,-2.50001E-03,+2.50001E-03
-1.08654000E+00,-2.50001E-03,+8.75001E-03
-1.08652000E+00,-8.75001E-03,+2.50001E-03
-1.08650000E+00,-8.75001E-03,+15.00001E-03
-1.08648000E+00,-8.75001E-03,-3.74999E-03
-1.08646000E+00,+3.74999E-03,-3.74999E-03
-1.08644000E+00,+3.74999E-03,+2.50001E-03
-1.08642000E+00,+9.99999E-03,-3.74999E-03
-1.08640000E+00,-2.50001E-03,+2.50001E-03
-1.08638000E+00,+3.74999E-03,+2.50001E-03
-1.08636000E+00,+9.99999E-03,+8.75001E-03
-1.08634000E+00,+3.74999E-03,+2.50001E-03
-1.08632000E+00,-2.50001E-03,+8.75001E-03
-1.08630000E+00,-8.75001E-03,+2.50001E-03
-1.08628000E+00,-2.50001E-03,+8.75001E-03
-1.08626000E+00,-2.50001E-03,+8.75001E-03
-1.08624000E+00,-2.50001E-03,+8.75001E-03
-1.08622000E+00,-2.50001E-03,+2.50001E-03
-1.08620000E+00,+3.74999E-03,+2.50001E-03
-1.08618000E+00,+3.74999E-03,+15.00001E-03
-1.08616000E+00,+9.99999E-03,+2.50001E-03
-1.08614000E+00,+3.74999E-03,+8.75001E-03
-1.08612000E+00,+3.74999E-03,+8.75001E-03
-1.08610000E+00,-2.50001E-03,+2.50001E-03
-1.08608000E+00,-2.50001E-03,+15.00001E-03
-1.08606000E+00,-2.50001E-03,+8.75001E-03
-1.08604000E+00,+3.74999E-03,+21.25001E-03
-1.08602000E+00,-8.75001E-03,+2.50001E-03
-1.08600000E+00,-8.75001E-03,+21.25001E-03
-1.08598000E+00,+3.74999E-03,+15.00001E-03
-1.08596000E+00,-8.75001E-03,+8.75001E-03
-1.08594000E+00,-2.50001E-03,+8.75001E-03
-1.08592000E+00,+9.99999E-03,+8.75001E-03
-1.08590000E+00,-2.50001E-03,+8.75001E-03
-1.08588000E+00,+3.74999E-03,+8.75001E-03
-1.08586000E+00,+3.74999E-03,+21.25001E-03
-1.08584000E+00,-2.50001E-03,+15.00001E-03
-1.08582000E+00,-8.75001E-03,+21.25001E-03
-1.08580000E+00,-8.75001E-03,+21.25001E-03
-1.08578000E+00,-2.50001E-03,+8.75001E-03
-1.08576000E+00,-8.75001E-03,+15.00001E-03
-1.08574000E+00,+3.74999E-03,+8.75001E-03
-1.08572000E+00,-2.50001E-03,+15.00001E-03
-1.08570000E+00,-2.50001E-03,+21.25001E-03
-1.08568000E+00,+3.74999E-03,+15.00001E-03
-1.08566000E+00,+9.99999E-03,+8.75001E-03
-1.08564000E+00,+9.99999E-03,+15.00001E-03
-1.08562000E+00,+3.74999E-03,+2.50001E-03
-1.08560000E+00,-2.50001E-03,+8.75001E-03
-1.08558000E+00,+3.74999E-03,+15.00001E-03
-1.08556000E+00,-2.50001E-03,+8.75001E-03
-1.08554000E+00,-2.50001E-03,+15.00001E-03
-1.08552000E+00,-15.00001E-03,+15.00001E-03
-1.08550000E+00,+3.74999E-03,+27.50001E-03
-1.08548000E+00,+3.74999E-03,+15.00001E-03
-1.08546000E+00,+3.74999E-03,+21.25001E-03
-1.08544000E+00,+3.74999E-03,+15.00001E-03
-1.08542000E+00,+9.99999E-03,+21.25001E-03
-1.08540000E+00,+3.74999E-03,+27.50001E-03
-1.08538000E+00,+3.74999E-03,+27.50001E-03
-1.08536000E+00,+3.74999E-03,+21.25001E-03
-1.08534000E+00,-2.50001E-03,+2.50001E-03
-1.08532000E+00,+3.74999E-03,-28.74999E-03
-1.08530000E+00,-2.50001E-03,-91.24999E-03
-1.08528000E+00,-8.75001E-03,-134.99999E-03
-1.08526000E+00,-8.75001E-03,-191.24999E-03
-1.08524000E+00,+3.74999E-03,-234.99999E-03
-1.08522000E+00,-2.50001E-03,-266.24999E-03
-1.08520000E+00,+3.74999E-03,-297.49999E-03
-1.08518000E+00,+3.74999E-03,-297.49999E-03
-1.08516000E+00,+9.99999E-03,-316.24999E-03
-1.08514000E+00,+9.99999E-03,-309.99999E-03
-1.08512000E+00,+9.99999E-03,-316.24999E-03
-1.08510000E+00,-2.50001E-03,-309.99999E-03
-1.08508000E+00,-2.50001E-03,-297.49999E-03
-1.08506000E+00,-2.50001E-03,-266.24999E-03
-1.08504000E+00,-8.75001E-03,-234.99999E-03
-1.08502000E+00,-2.50001E-03,-197.49999E-03
-1.08500000E+00,-2.50001E-03,-159.99999E-03
-1.08498000E+00,-2.50001E-03,-141.24999E-03
-1.08496000E+00,+3.74999E-03,-103.74999E-03
-1.08494000E+00,-8.75001E-03,-78.74999E-03
-1.08492000E+00,+3.74999E-03,-66.24999E-03
-1.08490000E+00,+9.99999E-03,-47.49999E-03
-1.08488000E+00,+9.99999E-03,-34.99999E-03
-1.08486000E+00,+3.74999E-03,-41.24999E-03
-1.08484000E+00,+3.74999E-03,-28.74999E-03
-1.08482000E+00,-2.50001E-03,-16.24999E-03
-1.08480000E+00,-2.50001E-03,-9.99999E-03
-1.08478000E+00,-2.50001E-03,+2.50001E-03
-1.08476000E+00,-2.50001E-03,+8.75001E-03
-1.08474000E+00,-2.50001E-03,+21.25001E-03
-1.08472000E+00,-2.50001E-03,+21.25001E-03
-1.08470000E+00,+3.74999E-03,+15.00001E-03
-1.08468000E+00,+9.99999E-03,+15.00001E-03
-1.08466000E+00,+3.74999E-03,+21.25001E-03
-1.08464000E+00,+9.99999E-03,+21.25001E-03
-1.08462000E+00,+9.99999E-03,+15.00001E-03
-1.08460000E+00,-2.50001E-03,+21.25001E-03
-1.08458000E+00,+3.74999E-03,+8.75001E-03
-1.08456000E+00,+9.99999E-03,+21.25001E-03
-1.08454000E+00,+3.74999E-03,+21.25001E-03
-1.08452000E+00,-2.50001E-03,+21.25001E-03
-1.08450000E+00,-8.75001E-03,+33.75001E-03
-1.08448000E+00,+9.99999E-03,+21.25001E-03
-1.08446000E+00,+3.74999E-03,+33.75001E-03
-1.08444000E+00,-2.50001E-03,+21.25001E-03
-1.08442000E+00,+9.99999E-03,+21.25001E-03
-1.08440000E+00,+3.74999E-03,+27.50001E-03
-1.08438000E+00,+9.99999E-03,+21.25001E-03
-1.08436000E+00,+3.74999E-03,+21.25001E-03
-1.08434000E+00,-2.50001E-03,+21.25001E-03
-1.08432000E+00,-2.50001E-03,+27.50001E-03
-1.08430000E+00,+3.74999E-03,+21.25001E-03
-1.08428000E+00,-2.50001E-03,+21.25001E-03
-1.08426000E+00,-8.75001E-03,+33.75001E-03
-1.08424000E+00,-8.75001E-03,+27.50001E-03
-1.08422000E+00,+3.74999E-03,+52.50001E-03
-1.08420000E+00,+3.74999E-03,+52.50001E-03
-1.08418000E+00,+9.99999E-03,+71.25001E-03
-1.08416000E+00,+3.74999E-03,+77.50001E-03
-1.08414000E+00,-2.50001E-03,+102.50001E-03
-1.08412000E+00,+9.99999E-03,+115.00002E-03
-1.08410000E+00,+3.74999E-03,+140.00002E-03
-1.08408000E+00,+3.74999E-03,+127.50002E-03
-1.08406000E+00,-8.75001E-03,+158.75002E-03
-1.08404000E+00,+3.74999E-03,+177.50002E-03
-1.08402000E+00,-2.50001E-03,+183.75002E-03
-1.08400000E+00,-8.75001E-03,+196.25002E-03
-1.08398000E+00,-8.75001E-03,+233.75002E-03
-1.08396000E+00,+3.74999E-03,+246.25002E-03
-1.08394000E+00,-2.50001E-03,+271.25002E-03
-1.08392000E+00,+9.99999E-03,+271.25002E-03
-1.08390000E+00,+3.74999E-03,+271.25002E-03
-1.08388000E+00,+3.74999E-03,+258.75002E-03
-1.08386000E+00,+3.74999E-03,+240.00002E-03
-1.08384000E+00,+3.74999E-03,+233.75002E-03
-1.08382000E+00,-2.50001E-03,+227.50002E-03
-1.08380000E+00,-2.50001E-03,+215.00002E-03
-1.08378000E+00,-8.75001E-03,+190.00002E-03
-1.08376000E+00,-8.75001E-03,+171.25002E-03
-1.08374000E+00,-8.75001E-03,+121.25002E-03
-1.08372000E+00,+3.74999E-03,+77.50001E-03
-1.08370000E+00,+3.74999E-03,+15.00001E-03
-1.08368000E+00,-2.50001E-03,-72.49999E-03
-1.08366000E+00,+9.99999E-03,-134.99999E-03
-1.08364000E+00,+16.24999E-03,-203.74999E-03
-1.08362000E+00,+9.99999E-03,-241.24999E-03
-1.08360000E+00,+3.74999E-03,-272.49999E-03
-1.08358000E+00,+3.74999E-03,-291.24999E-03
-1.08356000E+00,-8.75001E-03,-303.74999E-03
-1.08354000E+00,-15.00001E-03,-309.99999E-03
-1.08352000E+00,-8.75001E-03,-303.74999E-03
-1.08350000E+00,-2.50001E-03,-297.49999E-03
-1.08348000E+00,-2.50001E-03,-278.74999E-03
-1.08346000E+00,+3.74999E-03,-259.99999E-03
-1.08344000E+00,+3.74999E-03,-234.99999E-03
-1.08342000E+00,+3.74999E-03,-197.49999E-03
-1.08340000E+00,+3.74999E-03,-153.74999E-03
-1.08338000E+00,+9.99999E-03,-122.49999E-03
-1.08336000E+00,+3.74999E-03,-97.49999E-03
-1.08334000E+00,-2.50001E-03,-78.74999E-03
-1.08332000E+00,-8.75001E-03,-59.99999E-03
-1.08330000E+00,-2.50001E-03,-53.74999E-03
-1.08328000E+00,-2.50001E-03,-34.99999E-03
-1.08326000E+00,-2.50001E-03,-41.24999E-03
-1.08324000E+00,-2.50001E-03,-22.49999E-03
-1.08322000E+00,-2.50001E-03,-22.49999E-03
-1.08320000E+00,-2.50001E-03,-3.74999E-03
-1.08318000E+00,+3.74999E-03,-16.24999E-03
-1.08316000E+00,-2.50001E-03,-3.74999E-03
-1.08314000E+00,+3.74999E-03,+8.75001E-03
-1.08312000E+00,+3.74999E-03,+15.00001E-03
-1.08310000E+00,-2.50001E-03,+15.00001E-03
-1.08308000E+00,+9.99999E-03,+15.00001E-03
-1.08306000E+00,-2.50001E-03,+21.25001E-03
-1.08304000E+00,-2.50001E-03,+15.00001E-03
-1.08302000E+00,-2.50001E-03,+8.75001E-03
-1.08300000E+00,-2.50001E-03,+8.75001E-03
-1.08298000E+00,-2.50001E-03,+8.75001E-03
-1.08296000E+00,-2.50001E-03,+2.50001E-03
-1.08294000E+00,+9.99999E-03,+2.50001E-03
-1.08292000E+00,+3.74999E-03,+2.50001E-03
-1.08290000E+00,+3.74999E-03,+2.50001E-03
-1.08288000E+00,+9.99999E-03,+2.50001E-03
-1.08286000E+00,-2.50001E-03,+2.50001E-03
-1.08284000E+00,+9.99999E-03,+15.00001E-03
-1.08282000E+00,+3.74999E-03,+15.00001E-03
-1.08280000E+00,-2.50001E-03,+8.75001E-03
-1.08278000E+00,-2.50001E-03,+8.75001E-03
-1.08276000E+00,-2.50001E-03,+8.75001E-03
-1.08274000E+00,+3.74999E-03,+8.75001E-03
-1.08272000E+00,-2.50001E-03,+2.50001E-03
-1.08270000E+00,+3.74999E-03,+15.00001E-03
-1.08268000E+00,+3.74999E-03,+2.50001E-03
-1.08266000E+00,+9.99999E-03,+2.50001E-03
-1.08264000E+00,+3.74999E-03,+21.25001E-03
-1.08262000E+00,-2.50001E-03,+21.25001E-03
-1.08260000E+00,+3.74999E-03,+46.25001E-03
-1.08258000E+00,-2.50001E-03,+58.75001E-03
-1.08256000E+00,+3.74999E-03,+71.25001E-03
-1.08254000E+00,-2.50001E-03,+90.00001E-03
-1.08252000E+00,-8.75001E-03,+102.50001E-03
-1.08250000E+00,+3.74999E-03,+121.25002E-03
-1.08248000E+00,-8.75001E-03,+121.25002E-03
-1.08246000E+00,-2.50001E-03,+140.00002E-03
-1.08244000E+00,+3.74999E-03,+146.25002E-03
-1.08242000E+00,-2.50001E-03,+171.25002E-03
-1.08240000E+00,+9.99999E-03,+177.50002E-03
-1.08238000E+00,+3.74999E-03,+208.75002E-03
-1.08236000E+00,-2.50001E-03,+240.00002E-03
-1.08234000E+00,-2.50001E-03,+246.25002E-03
-1.08232000E+00,-2.50001E-03,+258.75002E-03
-1.08230000E+00,-2.50001E-03,+265.00002E-03
-1.08228000E+00,-8.75001E-03,+258.75002E-03
-1.08226000E+00,-2.50001E-03,+240.00002E-03
-1.08224000E+00,-2.50001E-03,+240.00002E-03
-1.08222000E+00,-2.50001E-03,+233.75002E-03
-1.08220000E+00,+3.74999E-03,+227.50002E-03
-1.08218000E+00,+3.74999E-03,+208.75002E-03
-1.08216000E+00,+3.74999E-03,+190.00002E-03
-1.08214000E+00,+9.99999E-03,+146.25002E-03
-1.08212000E+00,+9.99999E-03,+102.50001E-03
-1.08210000E+00,+3.74999E-03,+40.00001E-03
-1.08208000E+00,-2.50001E-03,-59.99999E-03
-1.08206000E+00,-2.50001E-03,-122.49999E-03
-1.08204000E+00,-2.50001E-03,-184.99999E-03
-1.08202000E+00,-15.00001E-03,-234.99999E-03
-1.08200000E+00,-8.75001E-03,-272.49999E-03
-1.08198000E+00,-8.75001E-03,-272.49999E-03
-1.08196000E+00,+3.74999E-03,-284.99999E-03
-1.08194000E+00,+9.99999E-03,-284.99999E-03
-1.08192000E+00,+3.74999E-03,-291.24999E-03
-1.08190000E+00,+3.74999E-03,-291.24999E-03
-1.08188000E+00,+3.74999E-03,-272.49999E-03
-1.08186000E+00,+3.74999E-03,-259.99999E-03
-1.08184000E+00,+3.74999E-03,-247.49999E-03
-1.08182000E+00,-8.75001E-03,-197.49999E-03
-1.08180000E+00,-2.50001E-03,-153.74999E-03
-1.08178000E+00,+3.74999E-03,-122.49999E-03
-1.08176000E+00,-8.75001E-03,-91.24999E-03
-1.08174000E+00,-2.50001E-03,-78.74999E-03
-1.08172000E+00,-2.50001E-03,-59.99999E-03
-1.08170000E+00,+3.74999E-03,-41.24999E-03
-1.08168000E+00,-2.50001E-03,-41.24999E-03
-1.08166000E+00,-2.50001E-03,-34.99999E-03
-1.08164000E+00,+3.74999E-03,-28.74999E-03
-1.08162000E+00,-2.50001E-03,-28.74999E-03
-1.08160000E+00,+3.74999E-03,-16.24999E-03
-1.08158000E+00,-2.50001E-03,-3.74999E-03
-1.08156000E+00,-2.50001E-03,-16.24999E-03
-1.08154000E+00,-2.50001E-03,+8.75001E-03
-1.08152000E+00,-2.50001E-03,+8.75001E-03
-1.08150000E+00,-2.50001E-03,+8.75001E-03
-1.08148000E+00,-8.75001E-03,+15.00001E-03
-1.08146000E+00,+3.74999E-03,+15.00001E-03
-1.08144000E+00,+3.74999E-03,+15.00001E-03
-1.08142000E+00,+3.74999E-03,+15.00001E-03
-1.08140000E+00,+3.74999E-03,-3.74999E-03
-1.08138000E+00,-2.50001E-03,+2.50001E-03
-1.08136000E+00,+9.99999E-03,+2.50001E-03
-1.08134000E+00,+3.74999E-03,-3.74999E-03
-1.08132000E+00,+3.74999E-03,-9.99999E-03
-1.08130000E+00,-2.50001E-03,-9.99999E-03
-1.08128000E+00,-2.50001E-03,-3.74999E-03
-1.08126000E+00,-2.50001E-03,-3.74999E-03
-1.08124000E+00,-2.50001E-03,-9.99999E-03
-1.08122000E+00,+9.99999E-03,+2.50001E-03
-1.08120000E+00,+3.74999E-03,+8.75001E-03
-1.08118000E+00,+3.74999E-03,+2.50001E-03
-1.08116000E+00,+3.74999E-03,+8.75001E-03
-1.08114000E+00,+9.99999E-03,-9.99999E-03
-1.08112000E+00,+3.74999E-03,+8.75001E-03
-1.08110000E+00,+3.74999E-03,+2.50001E-03
-1.08108000E+00,-2.50001E-03,+8.75001E-03
-1.08106000E+00,-2.50001E-03,+8.75001E-03
-1.08104000E+00,-15.00001E-03,+15.00001E-03
-1.08102000E+00,-2.50001E-03,+21.25001E-03
-1.08100000E+00,-8.75001E-03,+27.50001E-03
-1.08098000E+00,+3.74999E-03,+58.75001E-03
-1.08096000E+00,+3.74999E-03,+58.75001E-03
-1.08094000E+00,+9.99999E-03,+71.25001E-03
-1.08092000E+00,+3.74999E-03,+96.25001E-03
-1.08090000E+00,+3.74999E-03,+115.00002E-03
-1.08088000E+00,-2.50001E-03,+115.00002E-03
-1.08086000E+00,-2.50001E-03,+133.75002E-03
-1.08084000E+00,+3.74999E-03,+146.25002E-03
-1.08082000E+00,-2.50001E-03,+165.00002E-03
-1.08080000E+00,-2.50001E-03,+171.25002E-03
-1.08078000E+00,-2.50001E-03,+196.25002E-03
-1.08076000E+00,-2.50001E-03,+221.25002E-03
-1.08074000E+00,+3.74999E-03,+240.00002E-03
-1.08072000E+00,+9.99999E-03,+246.25002E-03
-1.08070000E+00,-2.50001E-03,+271.25002E-03
-1.08068000E+00,+9.99999E-03,+258.75002E-03
-1.08066000E+00,+9.99999E-03,+258.75002E-03
-1.08064000E+00,-2.50001E-03,+252.50002E-03
-1.08062000E+00,-2.50001E-03,+227.50002E-03
-1.08060000E+00,+3.74999E-03,+233.75002E-03
-1.08058000E+00,-2.50001E-03,+233.75002E-03
-1.08056000E+00,+3.74999E-03,+202.50002E-03
-1.08054000E+00,-8.75001E-03,+165.00002E-03
-1.08052000E+00,-2.50001E-03,+146.25002E-03
-1.08050000E+00,-2.50001E-03,+58.75001E-03
-1.08048000E+00,+3.74999E-03,-22.49999E-03
-1.08046000E+00,-2.50001E-03,-91.24999E-03
-1.08044000E+00,-2.50001E-03,-147.49999E-03
-1.08042000E+00,+16.24999E-03,-209.99999E-03
-1.08040000E+00,-2.50001E-03,-234.99999E-03
-1.08038000E+00,+3.74999E-03,-278.74999E-03
-1.08036000E+00,+3.74999E-03,-266.24999E-03
-1.08034000E+00,-2.50001E-03,-284.99999E-03
-1.08032000E+00,-2.50001E-03,-284.99999E-03
-1.08030000E+00,-2.50001E-03,-272.49999E-03
-1.08028000E+00,-8.75001E-03,-272.49999E-03
-1.08026000E+00,-2.50001E-03,-253.74999E-03
-1.08024000E+00,-8.75001E-03,-222.49999E-03
-1.08022000E+00,+3.74999E-03,-209.99999E-03
-1.08020000E+00,-2.50001E-03,-178.74999E-03
-1.08018000E+00,-2.50001E-03,-147.49999E-03
-1.08016000E+00,+3.74999E-03,-116.24999E-03
-1.08014000E+00,+9.99999E-03,-84.99999E-03
-1.08012000E+00,+3.74999E-03,-78.74999E-03
-1.08010000E+00,-2.50001E-03,-47.49999E-03
-1.08008000E+00,-2.50001E-03,-53.74999E-03
-1.08006000E+00,-8.75001E-03,-28.74999E-03
-1.08004000E+00,+3.74999E-03,-41.24999E-03
-1.08002000E+00,-2.50001E-03,-22.49999E-03
-1.08000000E+00,-8.75001E-03,-9.99999E-03
-1.07998000E+00,-2.50001E-03,+2.50001E-03
-1.07996000E+00,-2.50001E-03,+8.75001E-03
-1.07994000E+00,-8.75001E-03,+15.00001E-03
-1.07992000E+00,+9.99999E-03,+8.75001E-03
-1.07990000E+00,-2.50001E-03,+21.25001E-03
-1.07988000E+00,+3.74999E-03,+27.50001E-03
-1.07986000E+00,+3.74999E-03,+15.00001E-03
-1.07984000E+00,-2.50001E-03,+21.25001E-03
-1.07982000E+00,-2.50001E-03,+2.50001E-03
-1.07980000E+00,-2.50001E-03,+15.00001E-03
-1.07978000E+00,+3.74999E-03,+8.75001E-03
-1.07976000E+00,-2.50001E-03,-9.99999E-03
-1.07974000E+00,-2.50001E-03,-3.74999E-03
-1.07972000E+00,-2.50001E-03,+8.75001E-03
-1.07970000E+00,+3.74999E-03,-3.74999E-03
-1.07968000E+00,+3.74999E-03,+8.75001E-03
-1.07966000E+00,+9.99999E-03,+2.50001E-03
-1.07964000E+00,-2.50001E-03,+8.75001E-03
-1.07962000E+00,+3.74999E-03,+15.00001E-03
-1.07960000E+00,-2.50001E-03,+2.50001E-03
-1.07958000E+00,+3.74999E-03,+2.50001E-03
-1.07956000E+00,-2.50001E-03,+15.00001E-03
-1.07954000E+00,-8.75001E-03,+15.00001E-03
-1.07952000E+00,-2.50001E-03,+2.50001E-03
-1.07950000E+00,-8.75001E-03,+15.00001E-03
-1.07948000E+00,-2.50001E-03,+21.25001E-03
-1.07946000E+00,+3.74999E-03,+15.00001E-03
-1.07944000E+00,-2.50001E-03,+27.50001E-03
-1.07942000E+00,-2.50001E-03,+27.50001E-03
-1.07940000E+00,-2.50001E-03,+33.75001E-03
-1.07938000E+00,-2.50001E-03,+46.25001E-03
-1.07936000E+00,+3.74999E-03,+65.00001E-03
-1.07934000E+00,+3.74999E-03,+71.25001E-03
-1.07932000E+00,-8.75001E-03,+102.50001E-03
-1.07930000E+00,+3.74999E-03,+102.50001E-03
-1.07928000E+00,-2.50001E-03,+115.00002E-03
-1.07926000E+00,-8.75001E-03,+115.00002E-03
-1.07924000E+00,-2.50001E-03,+146.25002E-03
-1.07922000E+00,-2.50001E-03,+152.50002E-03
-1.07920000E+00,-2.50001E-03,+152.50002E-03
-1.07918000E+00,+3.74999E-03,+171.25002E-03
-1.07916000E+00,+9.99999E-03,+202.50002E-03
-1.07914000E+00,+3.74999E-03,+221.25002E-03
-1.07912000E+00,+3.74999E-03,+233.75002E-03
-1.07910000E+00,+3.74999E-03,+252.50002E-03
-1.07908000E+00,+3.74999E-03,+246.25002E-03
-1.07906000E+00,-8.75001E-03,+246.25002E-03
-1.07904000E+00,+3.74999E-03,+233.75002E-03
-1.07902000E+00,+3.74999E-03,+233.75002E-03
-1.07900000E+00,+3.74999E-03,+221.25002E-03
-1.07898000E+00,-2.50001E-03,+227.50002E-03
-1.07896000E+00,-2.50001E-03,+215.00002E-03
-1.07894000E+00,+3.74999E-03,+190.00002E-03
-1.07892000E+00,-2.50001E-03,+146.25002E-03
-1.07890000E+00,+9.99999E-03,+102.50002E-03
-1.07888000E+00,+3.74999E-03,+8.75001E-03
-1.07886000E+00,+3.74999E-03,-72.49999E-03
-1.07884000E+00,-2.50001E-03,-116.24999E-03
-1.07882000E+00,+3.74999E-03,-191.24999E-03
-1.07880000E+00,+3.74999E-03,-241.24999E-03
-1.07878000E+00,-2.50001E-03,-272.49999E-03
-1.07876000E+00,-2.50001E-03,-284.99999E-03
-1.07874000E+00,-8.75001E-03,-291.24999E-03
-1.07872000E+00,-8.75001E-03,-284.99999E-03
-1.07870000E+00,+3.74999E-03,-266.24999E-03
-1.07868000E+00,+16.24999E-03,-272.49999E-03
-1.07866000E+00,+16.24999E-03,-272.49999E-03
-1.07864000E+00,+3.74999E-03,-234.99999E-03
-1.07862000E+00,-2.50001E-03,-228.74999E-03
-1.07860000E+00,-21.25001E-03,-178.74999E-03
-1.07858000E+00,-21.25001E-03,-153.74999E-03
-1.07856000E+00,+9.99999E-03,-128.74999E-03
-1.07854000E+00,+34.99999E-03,-103.74999E-03
-1.07852000E+00,+28.74999E-03,-84.99999E-03
-1.07850000E+00,-2.50001E-03,-66.24999E-03
-1.07848000E+00,-58.75001E-03,-66.24999E-03
-1.07846000E+00,-83.75001E-03,-53.74999E-03
-1.07844000E+00,-58.75001E-03,-41.24999E-03
-1.07842000E+00,+66.24999E-03,-34.99999E-03
-1.07840000E+00,+197.50000E-03,-28.74999E-03
-1.07838000E+00,+316.25000E-03,-3.74999E-03
-1.07836000E+00,+310.00000E-03,-3.74999E-03
-1.07834000E+00,+191.25000E-03,+2.50001E-03
-1.07832000E+00,+72.50000E-03,+8.75001E-03
-1.07830000E+00,-40.00001E-03,+15.00001E-03
-1.07828000E+00,-58.75001E-03,+15.00001E-03
-1.07826000E+00,-27.50001E-03,+21.25001E-03
-1.07824000E+00,+16.24999E-03,+27.50001E-03
-1.07822000E+00,+34.99999E-03,+8.75001E-03
-1.07820000E+00,+22.49999E-03,+15.00001E-03
-1.07818000E+00,-2.50001E-03,+8.75001E-03
-1.07816000E+00,-27.50001E-03,+8.75001E-03
-1.07814000E+00,-21.25001E-03,+2.50001E-03
-1.07812000E+00,-2.50001E-03,+8.75001E-03
-1.07810000E+00,+3.74999E-03,-3.74999E-03
-1.07808000E+00,+3.74999E-03,-9.99999E-03
-1.07806000E+00,+3.74999E-03,+2.50001E-03
-1.07804000E+00,-8.75001E-03,+2.50001E-03
-1.07802000E+00,-8.75001E-03,+15.00001E-03
-1.07800000E+00,-2.50001E-03,+2.50001E-03
-1.07798000E+00,-15.00001E-03,+8.75001E-03
-1.07796000E+00,-2.50001E-03,+15.00001E-03
-1.07794000E+00,+3.74999E-03,+8.75001E-03
-1.07792000E+00,-2.50001E-03,+15.00001E-03
-1.07790000E+00,-2.50001E-03,+8.75001E-03
-1.07788000E+00,+3.74999E-03,+15.00001E-03
-1.07786000E+00,-2.50001E-03,+15.00001E-03
-1.07784000E+00,-2.50001E-03,+21.25001E-03
-1.07782000E+00,-2.50001E-03,+27.50001E-03
-1.07780000E+00,-8.75001E-03,+27.50001E-03
-1.07778000E+00,-2.50001E-03,+46.25001E-03
-1.07776000E+00,-2.50001E-03,+46.25001E-03
-1.07774000E+00,-2.50001E-03,+52.50001E-03
-1.07772000E+00,-8.75001E-03,+71.25001E-03
-1.07770000E+00,-2.50001E-03,+90.00001E-03
-1.07768000E+00,-8.75001E-03,+108.75001E-03
-1.07766000E+00,-2.50001E-03,+108.75002E-03
-1.07764000E+00,-8.75001E-03,+121.25002E-03
-1.07762000E+00,-2.50001E-03,+140.00002E-03
-1.07760000E+00,-2.50001E-03,+140.00002E-03
-1.07758000E+00,-2.50001E-03,+165.00002E-03
-1.07756000E+00,-8.75001E-03,+183.75002E-03
-1.07754000E+00,-2.50001E-03,+196.25002E-03
-1.07752000E+00,-8.75001E-03,+227.50002E-03
-1.07750000E+00,-2.50001E-03,+246.25002E-03
-1.07748000E+00,-2.50001E-03,+240.00002E-03
-1.07746000E+00,-2.50001E-03,+240.00002E-03
-1.07744000E+00,-8.75001E-03,+240.00002E-03
-1.07742000E+00,-2.50001E-03,+221.25002E-03
-1.07740000E+00,-2.50001E-03,+221.25002E-03
-1.07738000E+00,+3.74999E-03,+221.25002E-03
-1.07736000E+00,+3.74999E-03,+215.00002E-03
-1.07734000E+00,-2.50001E-03,+208.75002E-03
-1.07732000E+00,-2.50001E-03,+171.25002E-03
-1.07730000E+00,-2.50001E-03,+140.00002E-03
-1.07728000E+00,-2.50001E-03,+40.00001E-03
-1.07726000E+00,-8.75001E-03,-34.99999E-03
-1.07724000E+00,-8.75001E-03,-109.99999E-03
-1.07722000E+00,-2.50001E-03,-178.74999E-03
-1.07720000E+00,-8.75001E-03,-228.74999E-03
-1.07718000E+00,-2.50001E-03,-253.74999E-03
-1.07716000E+00,-2.50001E-03,-278.74999E-03
-1.07714000E+00,+3.74999E-03,-291.24999E-03
-1.07712000E+00,-2.50001E-03,-278.74999E-03
-1.07710000E+00,-2.50001E-03,-284.99999E-03
-1.07708000E+00,-2.50001E-03,-291.24999E-03
-1.07706000E+00,-8.75001E-03,-259.99999E-03
-1.07704000E+00,+3.74999E-03,-253.74999E-03
-1.07702000E+00,-2.50001E-03,-234.99999E-03
-1.07700000E+00,-2.50001E-03,-197.49999E-03
-1.07698000E+00,-8.75001E-03,-166.24999E-03
-1.07696000E+00,-8.75001E-03,-134.99999E-03
-1.07694000E+00,-15.00001E-03,-116.24999E-03
-1.07692000E+00,-8.75001E-03,-97.49999E-03
-1.07690000E+00,+9.99999E-03,-66.24999E-03
-1.07688000E+00,+41.24999E-03,-59.99999E-03
-1.07686000E+00,+66.24999E-03,-59.99999E-03
-1.07684000E+00,+66.25000E-03,-47.49999E-03
-1.07682000E+00,+41.24999E-03,-34.99999E-03
-1.07680000E+00,-46.25001E-03,-22.49999E-03
-1.07678000E+00,-77.50001E-03,-9.99999E-03
-1.07676000E+00,-71.25001E-03,+2.50001E-03
-1.07674000E+00,+28.74999E-03,+15.00001E-03
-1.07672000E+00,+122.50000E-03,+15.00001E-03
-1.07670000E+00,+253.75000E-03,+15.00001E-03
-1.07668000E+00,+291.25000E-03,+21.25001E-03
-1.07666000E+00,+260.00000E-03,+21.25001E-03
-1.07664000E+00,+178.75000E-03,+15.00001E-03
-1.07662000E+00,+60.00000E-03,+15.00001E-03
-1.07660000E+00,-8.75001E-03,+15.00001E-03
-1.07658000E+00,-21.25001E-03,+2.50001E-03
-1.07656000E+00,-8.75001E-03,+8.75001E-03
-1.07654000E+00,+9.99999E-03,-3.74999E-03
-1.07652000E+00,+9.99999E-03,+8.75001E-03
-1.07650000E+00,-2.50001E-03,-9.99999E-03
-1.07648000E+00,-15.00001E-03,+2.50001E-03
-1.07646000E+00,-15.00001E-03,+2.50001E-03
-1.07644000E+00,-2.50001E-03,+8.75001E-03
-1.07642000E+00,+3.74999E-03,+2.50001E-03
-1.07640000E+00,+3.74999E-03,+2.50001E-03
-1.07638000E+00,-2.50001E-03,+8.75001E-03
-1.07636000E+00,-2.50001E-03,+15.00001E-03
-1.07634000E+00,-8.75001E-03,+15.00001E-03
-1.07632000E+00,-8.75001E-03,+8.75001E-03
-1.07630000E+00,-8.75001E-03,+21.25001E-03
-1.07628000E+00,-2.50001E-03,+21.25001E-03
-1.07626000E+00,-2.50001E-03,+21.25001E-03
-1.07624000E+00,-8.75001E-03,+21.25001E-03
-1.07622000E+00,-8.75001E-03,+21.25001E-03
-1.07620000E+00,-15.00001E-03,+27.50001E-03
-1.07618000E+00,-15.00001E-03,+40.00001E-03
-1.07616000E+00,-8.75001E-03,+40.00001E-03
-1.07614000E+00,-8.75001E-03,+58.75001E-03
-1.07612000E+00,-15.00001E-03,+71.25001E-03
-1.07610000E+00,-15.00001E-03,+90.00001E-03
-1.07608000E+00,-8.75001E-03,+102.50001E-03
-1.07606000E+00,-8.75001E-03,+108.75002E-03
-1.07604000E+00,-8.75001E-03,+121.25002E-03
-1.07602000E+00,-2.50001E-03,+121.25002E-03
-1.07600000E+00,-21.25001E-03,+140.00002E-03
-1.07598000E+00,-8.75001E-03,+158.75002E-03
-1.07596000E+00,-2.50001E-03,+183.75002E-03
-1.07594000E+00,-8.75001E-03,+190.00002E-03
-1.07592000E+00,-8.75001E-03,+221.25002E-03
-1.07590000E+00,-15.00001E-03,+240.00002E-03
-1.07588000E+00,-2.50001E-03,+240.00002E-03
-1.07586000E+00,-2.50001E-03,+227.50002E-03
-1.07584000E+00,-8.75001E-03,+233.75002E-03
-1.07582000E+00,-8.75001E-03,+227.50002E-03
-1.07580000E+00,-8.75001E-03,+221.25002E-03
-1.07578000E+00,-2.50001E-03,+227.50002E-03
-1.07576000E+00,-2.50001E-03,+215.00002E-03
-1.07574000E+00,-2.50001E-03,+215.00002E-03
-1.07572000E+00,-8.75001E-03,+196.25002E-03
-1.07570000E+00,-8.75001E-03,+152.50002E-03
-1.07568000E+00,-8.75001E-03,+83.75001E-03
-1.07566000E+00,-2.50001E-03,+8.75001E-03
-1.07564000E+00,-2.50001E-03,-72.49999E-03
-1.07562000E+00,-15.00001E-03,-153.74999E-03
-1.07560000E+00,-2.50001E-03,-209.99999E-03
-1.07558000E+00,-8.75001E-03,-241.24999E-03
-1.07556000E+00,-8.75001E-03,-284.99999E-03
-1.07554000E+00,+3.74999E-03,-284.99999E-03
-1.07552000E+00,-8.75001E-03,-278.74999E-03
-1.07550000E+00,-8.75001E-03,-272.49999E-03
-1.07548000E+00,-2.50001E-03,-291.24999E-03
-1.07546000E+00,-8.75001E-03,-278.74999E-03
-1.07544000E+00,-8.75001E-03,-253.74999E-03
-1.07542000E+00,-15.00001E-03,-241.24999E-03
-1.07540000E+00,-15.00001E-03,-216.24999E-03
-1.07538000E+00,+3.74999E-03,-184.99999E-03
-1.07536000E+00,+3.74999E-03,-159.99999E-03
-1.07534000E+00,+3.74999E-03,-122.49999E-03
-1.07532000E+00,+9.99999E-03,-109.99999E-03
-1.07530000E+00,-8.75001E-03,-84.99999E-03
-1.07528000E+00,-27.50001E-03,-78.74999E-03
-1.07526000E+00,-27.50001E-03,-66.24999E-03
-1.07524000E+00,-2.50001E-03,-53.74999E-03
-1.07522000E+00,+47.49999E-03,-47.49999E-03
-1.07520000E+00,+103.75000E-03,-34.99999E-03
-1.07518000E+00,+203.75000E-03,-28.74999E-03
-1.07516000E+00,+285.00000E-03,-16.24999E-03
-1.07514000E+00,+297.50000E-03,-16.24999E-03
-1.07512000E+00,+260.00000E-03,-9.99999E-03
-1.07510000E+00,+153.75000E-03,+2.50001E-03
-1.07508000E+00,+91.25000E-03,+2.50001E-03
-1.07506000E+00,+9.99999E-03,+2.50001E-03
-1.07504000E+00,-27.50001E-03,+8.75001E-03
-1.07502000E+00,-21.25001E-03,-3.74999E-03
-1.07500000E+00,-8.75001E-03,-9.99999E-03
-1.07498000E+00,+3.74999E-03,-9.99999E-03
-1.07496000E+00,+3.74999E-03,-9.99999E-03
-1.07494000E+00,-15.00001E-03,-22.49999E-03
-1.07492000E+00,-27.50001E-03,-16.24999E-03
-1.07490000E+00,-27.50001E-03,-22.49999E-03
-1.07488000E+00,-15.00001E-03,-16.24999E-03
-1.07486000E+00,-8.75001E-03,-9.99999E-03
-1.07484000E+00,+3.74999E-03,-16.24999E-03
-1.07482000E+00,-8.75001E-03,-9.99999E-03
-1.07480000E+00,-8.75001E-03,-3.74999E-03
-1.07478000E+00,-8.75001E-03,-9.99999E-03
-1.07476000E+00,-15.00001E-03,+8.75001E-03
-1.07474000E+00,-15.00001E-03,+8.75001E-03
-1.07472000E+00,-8.75001E-03,+8.75001E-03
-1.07470000E+00,-2.50001E-03,+8.75001E-03
-1.07468000E+00,+3.74999E-03,+15.00001E-03
-1.07466000E+00,-8.75001E-03,+21.25001E-03
-1.07464000E+00,-8.75001E-03,+8.75001E-03
-1.07462000E+00,-2.50001E-03,+15.00001E-03
-1.07460000E+00,-2.50001E-03,+15.00001E-03
-1.07458000E+00,-8.75001E-03,+27.50001E-03
-1.07456000E+00,-8.75001E-03,+46.25001E-03
-1.07454000E+00,-2.50001E-03,+46.25001E-03
-1.07452000E+00,-8.75001E-03,+65.00001E-03
-1.07450000E+00,-8.75001E-03,+71.25001E-03
-1.07448000E+00,-8.75001E-03,+83.75001E-03
-1.07446000E+00,-8.75001E-03,+102.50001E-03
-1.07444000E+00,-8.75001E-03,+108.75002E-03
-1.07442000E+00,+3.74999E-03,+127.50002E-03
-1.07440000E+00,-2.50001E-03,+127.50002E-03
-1.07438000E+00,-8.75001E-03,+140.00002E-03
-1.07436000E+00,+3.74999E-03,+165.00002E-03
-1.07434000E+00,-8.75001E-03,+183.75002E-03
-1.07432000E+00,+3.74999E-03,+202.50002E-03
-1.07430000E+00,-2.50001E-03,+221.25002E-03
-1.07428000E+00,-2.50001E-03,+221.25002E-03
-1.07426000E+00,-2.50001E-03,+240.00002E-03
-1.07424000E+00,-8.75001E-03,+227.50002E-03
-1.07422000E+00,-8.75001E-03,+227.50002E-03
-1.07420000E+00,-8.75001E-03,+221.25002E-03
-1.07418000E+00,-8.75001E-03,+202.50002E-03
-1.07416000E+00,-2.50001E-03,+215.00002E-03
-1.07414000E+00,-8.75001E-03,+208.75002E-03
-1.07412000E+00,-8.75001E-03,+190.00002E-03
-1.07410000E+00,-8.75001E-03,+171.25002E-03
-1.07408000E+00,-2.50001E-03,+102.50002E-03
-1.07406000E+00,-2.50001E-03,+33.75001E-03
-1.07404000E+00,-8.75001E-03,-34.99999E-03
-1.07402000E+00,-15.00001E-03,-109.99999E-03
-1.07400000E+00,-15.00001E-03,-197.49999E-03
-1.07398000E+00,-2.50001E-03,-253.74999E-03
-1.07396000E+00,-8.75001E-03,-266.24999E-03
-1.07394000E+00,-8.75001E-03,-291.24999E-03
-1.07392000E+00,-2.50001E-03,-309.99999E-03
-1.07390000E+00,-2.50001E-03,-291.24999E-03
-1.07388000E+00,-2.50001E-03,-297.49999E-03
-1.07386000E+00,-8.75001E-03,-291.24999E-03
-1.07384000E+00,-8.75001E-03,-278.74999E-03
-1.07382000E+00,-2.50001E-03,-253.74999E-03
-1.07380000E+00,-2.50001E-03,-234.99999E-03
-1.07378000E+00,-8.75001E-03,-197.49999E-03
-1.07376000E+00,-15.00001E-03,-166.24999E-03
-1.07374000E+00,-21.25001E-03,-141.24999E-03
-1.07372000E+00,-15.00001E-03,-116.24999E-03
-1.07370000E+00,+34.99999E-03,-84.99999E-03
-1.07368000E+00,+66.24999E-03,-78.74999E-03
-1.07366000E+00,+128.75000E-03,-72.49999E-03
-1.07364000E+00,+185.00000E-03,-66.24999E-03
-1.07362000E+00,+197.50000E-03,-59.99999E-03
-1.07360000E+00,+166.25000E-03,-53.74999E-03
-1.07358000E+00,+78.75000E-03,-41.24999E-03
-1.07356000E+00,+3.74999E-03,-34.99999E-03
-1.07354000E+00,-52.50001E-03,-16.24999E-03
-1.07352000E+00,-58.75001E-03,-9.99999E-03
-1.07350000E+00,-21.25001E-03,+2.50001E-03
-1.07348000E+00,+22.49999E-03,-9.99999E-03
-1.07346000E+00,+91.25000E-03,+2.50001E-03
-1.07344000E+00,+110.00000E-03,-3.74999E-03
-1.07342000E+00,+103.75000E-03,-9.99999E-03
-1.07340000E+00,+53.75000E-03,+2.50001E-03
-1.07338000E+00,+16.24999E-03,-9.99999E-03
-1.07336000E+00,-21.25001E-03,-16.24999E-03
-1.07334000E+00,-21.25001E-03,-9.99999E-03
-1.07332000E+00,-15.00001E-03,-9.99999E-03
-1.07330000E+00,-2.50001E-03,-9.99999E-03
-1.07328000E+00,+3.74999E-03,-28.74999E-03
-1.07326000E+00,-2.50001E-03,-22.49999E-03
-1.07324000E+00,-8.75001E-03,-3.74999E-03
-1.07322000E+00,-8.75001E-03,-3.74999E-03
-1.07320000E+00,-2.50001E-03,-22.49999E-03
-1.07318000E+00,-8.75001E-03,-16.24999E-03
-1.07316000E+00,-2.50001E-03,+2.50001E-03
-1.07314000E+00,-2.50001E-03,+8.75001E-03
-1.07312000E+00,-8.75001E-03,+8.75001E-03
-1.07310000E+00,-8.75001E-03,+2.50001E-03
-1.07308000E+00,-8.75001E-03,+8.75001E-03
-1.07306000E+00,-2.50001E-03,+15.00001E-03
-1.07304000E+00,-8.75001E-03,+15.00001E-03
-1.07302000E+00,-2.50001E-03,+15.00001E-03
-1.07300000E+00,-8.75001E-03,+15.00001E-03
-1.07298000E+00,-8.75001E-03,+15.00001E-03
-1.07296000E+00,-8.75001E-03,+21.25001E-03
-1.07294000E+00,-8.75001E-03,+40.00001E-03
-1.07292000E+00,-2.50001E-03,+52.50001E-03
-1.07290000E+00,-8.75001E-03,+65.00001E-03
-1.07288000E+00,-8.75001E-03,+77.50001E-03
-1.07286000E+00,-8.75001E-03,+96.25001E-03
-1.07284000E+00,-8.75001E-03,+115.00002E-03
-1.07282000E+00,-8.75001E-03,+115.00002E-03
-1.07280000E+00,-15.00001E-03,+127.50002E-03
-1.07278000E+00,-8.75001E-03,+121.25002E-03
-1.07276000E+00,-8.75001E-03,+158.75002E-03
-1.07274000E+00,-8.75001E-03,+171.25002E-03
-1.07272000E+00,-8.75001E-03,+190.00002E-03
-1.07270000E+00,-8.75001E-03,+208.75002E-03
-1.07268000E+00,-2.50001E-03,+221.25002E-03
-1.07266000E+00,-8.75001E-03,+233.75002E-03
-1.07264000E+00,-15.00001E-03,+227.50002E-03
-1.07262000E+00,-8.75001E-03,+227.50002E-03
-1.07260000E+00,-2.50001E-03,+221.25002E-03
-1.07258000E+00,-2.50001E-03,+208.75002E-03
-1.07256000E+00,-2.50001E-03,+221.25002E-03
-1.07254000E+00,-8.75001E-03,+227.50002E-03
-1.07252000E+00,+3.74999E-03,+208.75002E-03
-1.07250000E+00,-2.50001E-03,+190.00002E-03
-1.07248000E+00,-2.50001E-03,+158.75002E-03
-1.07246000E+00,-8.75001E-03,+83.75001E-03
-1.07244000E+00,-15.00001E-03,+27.50001E-03
-1.07242000E+00,-2.50001E-03,-59.99999E-03
-1.07240000E+00,-2.50001E-03,-141.24999E-03
-1.07238000E+00,-2.50001E-03,-209.99999E-03
-1.07236000E+00,-2.50001E-03,-253.74999E-03
-1.07234000E+00,-8.75001E-03,-266.24999E-03
-1.07232000E+00,-2.50001E-03,-284.99999E-03
-1.07230000E+00,+3.74999E-03,-291.24999E-03
-1.07228000E+00,-8.75001E-03,-284.99999E-03
-1.07226000E+00,-2.50001E-03,-278.74999E-03
-1.07224000E+00,-8.75001E-03,-278.74999E-03
-1.07222000E+00,-8.75001E-03,-259.99999E-03
-1.07220000E+00,+3.74999E-03,-234.99999E-03
-1.07218000E+00,+16.24999E-03,-209.99999E-03
-1.07216000E+00,+47.49999E-03,-172.49999E-03
-1.07214000E+00,+72.50000E-03,-147.49999E-03
-1.07212000E+00,+78.75000E-03,-116.24999E-03
-1.07210000E+00,+78.75000E-03,-103.74999E-03
-1.07208000E+00,+53.74999E-03,-84.99999E-03
-1.07206000E+00,+9.99999E-03,-66.24999E-03
-1.07204000E+00,-40.00001E-03,-72.49999E-03
-1.07202000E+00,-58.75001E-03,-59.99999E-03
-1.07200000E+00,-21.25001E-03,-53.74999E-03
-1.07198000E+00,+22.49999E-03,-47.49999E-03
-1.07196000E+00,+110.00000E-03,-34.99999E-03
-1.07194000E+00,+191.25000E-03,-28.74999E-03
-1.07192000E+00,+210.00000E-03,-22.49999E-03
-1.07190000E+00,+197.50000E-03,-3.74999E-03
-1.07188000E+00,+141.25000E-03,-3.74999E-03
-1.07186000E+00,+78.75000E-03,+2.50001E-03
-1.07184000E+00,+47.49999E-03,+2.50001E-03
-1.07182000E+00,+9.99999E-03,+2.50001E-03
-1.07180000E+00,+3.74999E-03,+2.50001E-03
-1.07178000E+00,-8.75001E-03,+2.50001E-03
-1.07176000E+00,-2.50001E-03,-9.99999E-03
-1.07174000E+00,-2.50001E-03,-9.99999E-03
-1.07172000E+00,-8.75001E-03,-9.99999E-03
-1.07170000E+00,-21.25001E-03,-16.24999E-03
-1.07168000E+00,-27.50001E-03,-22.49999E-03
-1.07166000E+00,-21.25001E-03,-28.74999E-03
-1.07164000E+00,-15.00001E-03,-16.24999E-03
-1.07162000E+00,-2.50001E-03,-16.24999E-03
-1.07160000E+00,-2.50001E-03,-3.74999E-03
-1.07158000E+00,-2.50001E-03,-3.74999E-03
-1.07156000E+00,-8.75001E-03,+2.50001E-03
-1.07154000E+00,-8.75001E-03,+2.50001E-03
-1.07152000E+00,-8.75001E-03,+8.75001E-03
-1.07150000E+00,+3.74999E-03,+2.50001E-03
-1.07148000E+00,-8.75001E-03,+2.50001E-03
-1.07146000E+00,-8.75001E-03,+8.75001E-03
-1.07144000E+00,-2.50001E-03,+8.75001E-03
-1.07142000E+00,-15.00001E-03,+15.00001E-03
-1.07140000E+00,-8.75001E-03,+8.75001E-03
-1.07138000E+00,-8.75001E-03,+8.75001E-03
-1.07136000E+00,-2.50001E-03,+21.25001E-03
-1.07134000E+00,-8.75001E-03,+33.75001E-03
-1.07132000E+00,-8.75001E-03,+46.25001E-03
-1.07130000E+00,-15.00001E-03,+52.50001E-03
-1.07128000E+00,-8.75001E-03,+77.50001E-03
-1.07126000E+00,-8.75001E-03,+83.75001E-03
-1.07124000E+00,-15.00001E-03,+96.25001E-03
-1.07122000E+00,-15.00001E-03,+108.75001E-03
-1.07120000E+00,-15.00001E-03,+115.00002E-03
-1.07118000E+00,-2.50001E-03,+121.25002E-03
-1.07116000E+00,-8.75001E-03,+140.00002E-03
-1.07114000E+00,-2.50001E-03,+158.75002E-03
-1.07112000E+00,-8.75001E-03,+177.50002E-03
-1.07110000E+00,-2.50001E-03,+208.75002E-03
-1.07108000E+00,-8.75001E-03,+215.00002E-03
-1.07106000E+00,-8.75001E-03,+221.25002E-03
-1.07104000E+00,-8.75001E-03,+233.75002E-03
-1.07102000E+00,-2.50001E-03,+215.00002E-03
-1.07100000E+00,-8.75001E-03,+221.25002E-03
-1.07098000E+00,-8.75001E-03,+221.25002E-03
-1.07096000E+00,-15.00001E-03,+215.00002E-03
-1.07094000E+00,-21.25001E-03,+221.25002E-03
-1.07092000E+00,-8.75001E-03,+215.00002E-03
-1.07090000E+00,-8.75001E-03,+196.25002E-03
-1.07088000E+00,-8.75001E-03,+183.75002E-03
-1.07086000E+00,-8.75001E-03,+133.75002E-03
-1.07084000E+00,-8.75001E-03,+46.25001E-03
-1.07082000E+00,-8.75001E-03,+8.75001E-03
-1.07080000E+00,-2.50001E-03,-91.24999E-03
-1.07078000E+00,-2.50001E-03,-178.74999E-03
-1.07076000E+00,-2.50001E-03,-222.49999E-03
-1.07074000E+00,-8.75001E-03,-253.74999E-03
-1.07072000E+00,-8.75001E-03,-278.74999E-03
-1.07070000E+00,-8.75001E-03,-297.49999E-03
-1.07068000E+00,+3.74999E-03,-278.74999E-03
-1.07066000E+00,+3.74999E-03,-291.24999E-03
-1.07064000E+00,+22.49999E-03,-272.49999E-03
-1.07062000E+00,+22.49999E-03,-278.74999E-03
-1.07060000E+00,+28.74999E-03,-241.24999E-03
-1.07058000E+00,+16.24999E-03,-228.74999E-03
-1.07056000E+00,-8.75001E-03,-191.24999E-03
-1.07054000E+00,-15.00001E-03,-172.49999E-03
-1.07052000E+00,-33.75001E-03,-134.99999E-03
-1.07050000E+00,-21.25001E-03,-103.74999E-03
-1.07048000E+00,+9.99999E-03,-91.24999E-03
-1.07046000E+00,+66.24999E-03,-78.74999E-03
-1.07044000E+00,+135.00000E-03,-66.24999E-03
-1.07042000E+00,+191.25000E-03,-66.24999E-03
-1.07040000E+00,+216.25000E-03,-66.24999E-03
-1.07038000E+00,+203.75000E-03,-59.99999E-03
-1.07036000E+00,+160.00000E-03,-53.74999E-03
-1.07034000E+00,+78.75000E-03,-34.99999E-03
-1.07032000E+00,+9.99999E-03,-22.49999E-03
-1.07030000E+00,-15.00001E-03,-22.49999E-03
-1.07028000E+00,-40.00001E-03,-3.74999E-03
-1.07026000E+00,-21.25001E-03,-16.24999E-03
-1.07024000E+00,+3.74999E-03,-3.74999E-03
-1.07022000E+00,+16.24999E-03,-3.74999E-03
-1.07020000E+00,+28.74999E-03,-9.99999E-03
-1.07018000E+00,+16.24999E-03,-9.99999E-03
-1.07016000E+00,-2.50001E-03,-9.99999E-03
-1.07014000E+00,-15.00001E-03,-9.99999E-03
-1.07012000E+00,-15.00001E-03,-22.49999E-03
-1.07010000E+00,-15.00001E-03,-22.49999E-03
-1.07008000E+00,-15.00001E-03,-9.99999E-03
-1.07006000E+00,-8.75001E-03,-22.49999E-03
-1.07004000E+00,-8.75001E-03,-16.24999E-03
-1.07002000E+00,-8.75001E-03,-22.49999E-03
-1.07000000E+00,-8.75001E-03,-3.74999E-03
-1.06998000E+00,-8.75001E-03,-9.99999E-03
-1.06996000E+00,-8.75001E-03,-3.74999E-03
-1.06994000E+00,-2.50001E-03,+2.50001E-03
-1.06992000E+00,-2.50001E-03,+2.50001E-03
-1.06990000E+00,-2.50001E-03,-9.99999E-03
-1.06988000E+00,-8.75001E-03,+15.00001E-03
-1.06986000E+00,-8.75001E-03,+15.00001E-03
-1.06984000E+00,-2.50001E-03,+15.00001E-03
-1.06982000E+00,-15.00001E-03,+15.00001E-03
-1.06980000E+00,-8.75001E-03,+8.75001E-03
-1.06978000E+00,-2.50001E-03,+8.75001E-03
-1.06976000E+00,-2.50001E-03,+21.25001E-03
-1.06974000E+00,-8.75001E-03,+27.50001E-03
-1.06972000E+00,-8.75001E-03,+52.50001E-03
-1.06970000E+00,-8.75001E-03,+46.25001E-03
-1.06968000E+00,-8.75001E-03,+71.25001E-03
-1.06966000E+00,-2.50001E-03,+77.50001E-03
-1.06964000E+00,-8.75001E-03,+102.50001E-03
-1.06962000E+00,-8.75001E-03,+108.75002E-03
-1.06960000E+00,-8.75001E-03,+115.00002E-03
-1.06958000E+00,-8.75001E-03,+121.25002E-03
-1.06956000E+00,-15.00001E-03,+140.00002E-03
-1.06954000E+00,-8.75001E-03,+152.50002E-03
-1.06952000E+00,-8.75001E-03,+165.00002E-03
-1.06950000E+00,-2.50001E-03,+183.75002E-03
-1.06948000E+00,-8.75001E-03,+215.00002E-03
-1.06946000E+00,-2.50001E-03,+233.75002E-03
-1.06944000E+00,-8.75001E-03,+227.50002E-03
-1.06942000E+00,-15.00001E-03,+240.00002E-03
-1.06940000E+00,-2.50001E-03,+227.50002E-03
-1.06938000E+00,-2.50001E-03,+227.50002E-03
-1.06936000E+00,-8.75001E-03,+215.00002E-03
-1.06934000E+00,-2.50001E-03,+215.00002E-03
-1.06932000E+00,-15.00001E-03,+221.25002E-03
-1.06930000E+00,-2.50001E-03,+215.00002E-03
-1.06928000E+00,-2.50001E-03,+196.25002E-03
-1.06926000E+00,-8.75001E-03,+165.00002E-03
-1.06924000E+00,-15.00001E-03,+96.25002E-03
-1.06922000E+00,-15.00001E-03,+15.00001E-03
-1.06920000E+00,-2.50001E-03,-59.99999E-03
-1.06918000E+00,-2.50001E-03,-122.49999E-03
-1.06916000E+00,+3.74999E-03,-197.49999E-03
-1.06914000E+00,-2.50001E-03,-234.99999E-03
-1.06912000E+00,+3.74999E-03,-259.99999E-03
-1.06910000E+00,+3.74999E-03,-278.74999E-03
-1.06908000E+00,-2.50001E-03,-291.24999E-03
-1.06906000E+00,-8.75001E-03,-291.24999E-03
-1.06904000E+00,-8.75001E-03,-278.74999E-03
-1.06902000E+00,-15.00001E-03,-272.49999E-03
-1.06900000E+00,-15.00001E-03,-241.24999E-03
-1.06898000E+00,+3.74999E-03,-222.49999E-03
-1.06896000E+00,+16.24999E-03,-197.49999E-03
-1.06894000E+00,+59.99999E-03,-172.49999E-03
-1.06892000E+00,+97.50000E-03,-147.49999E-03
-1.06890000E+00,+141.25000E-03,-122.49999E-03
-1.06888000E+00,+153.75000E-03,-78.74999E-03
-1.06886000E+00,+153.75000E-03,-84.99999E-03
-1.06884000E+00,+85.00000E-03,-59.99999E-03
-1.06882000E+00,+47.49999E-03,-59.99999E-03
-1.06880000E+00,-21.25001E-03,-53.74999E-03
-1.06878000E+00,-52.50001E-03,-53.74999E-03
-1.06876000E+00,-40.00001E-03,-47.49999E-03
-1.06874000E+00,-2.50001E-03,-41.24999E-03
-1.06872000E+00,+59.99999E-03,-22.49999E-03
-1.06870000E+00,+91.25000E-03,-9.99999E-03
-1.06868000E+00,+110.00000E-03,-3.74999E-03
-1.06866000E+00,+110.00000E-03,-3.74999E-03
-1.06864000E+00,+66.25000E-03,+8.75001E-03
-1.06862000E+00,+34.99999E-03,+8.75001E-03
-1.06860000E+00,-2.50001E-03,+2.50001E-03
-1.06858000E+00,+3.74999E-03,-9.99999E-03
-1.06856000E+00,-8.75001E-03,-3.74999E-03
-1.06854000E+00,-2.50001E-03,-16.24999E-03
-1.06852000E+00,-2.50001E-03,-22.49999E-03
-1.06850000E+00,-8.75001E-03,-9.99999E-03
-1.06848000E+00,-15.00001E-03,-28.74999E-03
-1.06846000E+00,-15.00001E-03,-22.49999E-03
-1.06844000E+00,-8.75001E-03,-22.49999E-03
-1.06842000E+00,-15.00001E-03,-3.74999E-03
-1.06840000E+00,-8.75001E-03,+2.50001E-03
-1.06838000E+00,-8.75001E-03,-22.49999E-03
-1.06836000E+00,-2.50001E-03,-9.99999E-03
-1.06834000E+00,-8.75001E-03,-9.99999E-03
-1.06832000E+00,-8.75001E-03,+21.25001E-03
-1.06830000E+00,-15.00001E-03,+8.75001E-03
-1.06828000E+00,-2.50001E-03,+2.50001E-03
-1.06826000E+00,-2.50001E-03,+21.25001E-03
-1.06824000E+00,-2.50001E-03,+8.75001E-03
-1.06822000E+00,-2.50001E-03,+21.25001E-03
-1.06820000E+00,-2.50001E-03,+21.25001E-03
-1.06818000E+00,-15.00001E-03,+15.00001E-03
-1.06816000E+00,-2.50001E-03,+21.25001E-03
-1.06814000E+00,-8.75001E-03,+33.75001E-03
-1.06812000E+00,-8.75001E-03,+33.75001E-03
-1.06810000E+00,-15.00001E-03,+58.75001E-03
-1.06808000E+00,-15.00001E-03,+65.00001E-03
-1.06806000E+00,-8.75001E-03,+77.50001E-03
-1.06804000E+00,-2.50001E-03,+90.00001E-03
-1.06802000E+00,-8.75001E-03,+96.25001E-03
-1.06800000E+00,-8.75001E-03,+108.75001E-03
-1.06798000E+00,-2.50001E-03,+121.25002E-03
-1.06796000E+00,-2.50001E-03,+121.25002E-03
-1.06794000E+00,-2.50001E-03,+133.75002E-03
-1.06792000E+00,-2.50001E-03,+146.25002E-03
